Scientific Name,Aitkin,Anoka,Becker,Beltrami,Benton,Big Stone,Blue Earth,Brown,Carlton,Carver,Cass,Chippewa,Chisago,Clay,Clearwater,Cook,Cottonwood,Crow Wing,Dakota,Dodge,Douglas,Faribault,Fillmore,Freeborn,Goodhue,Grant,Hennepin,Houston,Hubbard,Isanti,Itasca,Jackson,Kanabec,Kandiyohi,Kittson,Koochiching,Lac Qui Parle,Lake,Lake of the Woods,Le Sueur,Lincoln,Lyon,Mahnomen,Marshall,Martin,McLeod,Meeker,Mille Lacs,Morrison,Mower,Murray,Nicollet,Nobles,Norman,Olmsted,Otter Tail,Pennington,Pine,Pipestone,Polk,Pope,Ramsey,Red Lake,Redwood,Renville,Rice,Rock,Roseau,Saint Louis,Scott,Sherburne,Sibley,Stearns,Steele,Stevens,Swift,Todd,Traverse,Wabasha,Wadena,Waseca,Washington,Watonwan,Wilkin,Winona,Wright,Yellow Medicine
Andrena accepta,,,,,,,,,,,,,,,,,,,,,,,,,,,,,,,,,,,,,,,,,,,,,,,,,,,,,,,,,,,,,,,,,,,,,,,,,,,,,,,,,,,,,,,x
Andrena aff. nigrihirta,,,,,,,,,,,,,,,,,,,,,,,,,,,,,,,,,,,,,,,,,,,,,,,,,,,,,,,,,,,,,,,,,,,,,,,,,,,,,,,,,,,,,,,
Andrena algida,,x,,,,,,,,,,,x,,,,,,,,,,,,,,,,,,,,,,,,,,,,,,,,,,,,,,,,,,,,,,,,,x,,,,,,,,,,,,,,,,,,,,,,,,,
Andrena aliciae,,,,,,,,,,x,x,,,,,,,,,,,,,,,,x,,,,,,,,,,,,,,,,,,,,,,,,,,,,,,,,,,,x,,,,,,,,,,,,,,,,,,,,,,,,,
Andrena alleghaniensis,,x,x,,,,,,,,,,x,,x,,,,,,,,,,,,,x,x,x,,,,,,,,,,,,,,,,,,,,,,,,,,,,,,,,,,,,,,,,,x,,,,,,,,,,,x,,,x,,
Andrena andrenoides,,x,,,,,,,,,,,,x,,,,,,,,,,,,,x,x,,x,,,,,,,,,,,,,,,,,,,,,,,,,x,,,x,,,,,,,,,,,,,,,,,,,,,,,,x,,,x,,
Andrena arabis,,,,,,,,,,,,,,,,,,,x,,,,,,,,,x,,,,,,,,,,,,,,,,,,,,,,,,,,,,,,,,,,,,,,,,,,,,,,,,,,,,,,x,,,,,
Andrena asteris,,x,,,,x,,,,,,,,x,,,,,x,,,,x,,,,x,,,x,,,,x,,,,,,,,,,x,,,,,x,,x,,,,x,,,,,,,x,,,,,,,,,,,,,,x,,,,,,x,,,,,
Andrena barbilabris,,x,x,,,x,,,,,,,x,,x,,,x,,,,,,,,,x,x,,x,,,,,,,,,,,,,,,,,,x,,,,,,,,,,x,,,,x,,x,,,,,x,,x,,,,,x,,,,,,x,,,,,
Andrena bisalicis,,,,,,,,,,,,,,,,,,,,,,,,,,,,,,,,,,,,,,,,,,,,,,,,,,,,,,,,,,x,,,,x,,,,,,,x,,,,,,,,,,,,,,,,,,
Andrena bradleyi,,x,,,,,,,,,,,,,,,,,,,,,,,,,,,,x,,,,,,,,,,,,,,,,,,,,,,,,,,,,,,,,,,,,,,,,,,,,,,,,,,,,,,,,,
Andrena brevipalpis,,x,x,x,x,,,,,,,,,,x,,,x,,,x,,,,,,x,x,,,,,,x,,,,,,,,,,,,,,,,,,,,,x,,,x,,,,x,,,,x,,,,,,,,x,,,,,x,,,x,,,x,,
Andrena campanulae,,,x,,,,,,,,,,,,,,,,,,,,,,,,,,,,,,,,,,,,,,,,x,,,,,,,,,,,,,,x,,,,,,,,,,,,,,,,,,,,,,,,,,,,,,
Andrena canadensis,x,x,x,,,x,,,x,,x,,,,x,,,,,,,,,,,x,x,,,,,,,,,,x,,,,x,,,,,,,x,,,,,,,,x,,,,,,x,,,,,,,x,,,,,,,,x,,,,,,,,,,x
Andrena carlini,x,x,x,,,,x,,,x,,,x,x,x,,,,x,,,,x,,x,,x,x,x,x,,x,,x,,,,,,x,,x,,,,,x,x,x,,,,,,,x,,x,,x,x,x,,x,,x,x,,x,x,x,,x,,x,,,,x,,,x,,,x,x,
Andrena carolina,,,,,,,,,,,,,,,,,,,,,,,,,,,,,,,,,,,,,,,,,,,,,,,,,,,,,,,,,,,,,,,,,,,,,x,,,,,,,,,,,,,,,,,,
Andrena ceanothi,,x,,,,,,,,,,,,,,,,,,,,,,,,,,,,x,,,,,,,,,,,,,,,,,,,,,,,,,,,,,,,,x,,,,,,,x,,x,,,,,,,,,,,x,,,,,
Andrena chromotricha,,,x,,,x,,,,x,x,x,x,x,,,,,,,x,,,,,,x,,,x,,,,x,,,,,,,,x,,,x,,,,,,,,,x,x,x,,,,,x,x,,x,,,,,,,,,x,,,x,,,,,,,,,,,
Andrena clarkella,,x,,,,,,,,,,,,,,,,,,,,,,,,,,,,,,,,,,,,,,,,,,,,,,,,,,,,,,,,,,,,,,,,,,,x,,,,,,,,,,,,,,,,,,
Andrena colletina,,,,,,,,,,,,,,x,,,,,,,,,,,,,,,,,,,,,,,,,,,,,,,,,,,,,,,,,,,,,,,,,,,,,,,,,,,,,,,,,,,,,,,,,
Andrena commoda,,x,x,,,,,,,x,,,,x,,,,,,,x,x,,x,,,x,x,,,,x,,x,x,,,x,,,,x,,,,,,,,,,,x,,x,,,,,x,x,x,x,x,,,x,,x,x,,,,x,x,,,x,x,,,x,,x,,,
Andrena cragini,,,,,,,,,,,,,,,,,,,,,,,,x,,,,,,,,,,,,,,,,,,,,,,,,,,,,,,,,,,,,,,,,,,,,,,,,,,,,,,,,,,,,,,,
Andrena crataegi,,x,x,x,,,,,x,,x,,x,x,x,,,,x,,,x,x,,,x,x,x,,x,x,,,x,,,,,,,,,,,,,,,,,,,,,x,x,,x,,,,x,,x,x,,,,,,x,,,x,,,,,x,,,x,,,x,,
Andrena cressonii,,x,,,x,,,,,,,x,x,x,,,,,x,,x,x,,x,,,x,x,,,,,,x,,,,,,,,,,,,x,,x,,,x,,,x,,,,x,,x,x,x,,,,,,,,x,,,x,,,x,,,x,,,x,,,,x,
Andrena distans,,,,,x,,,,,,,,,,,,,,x,x,,,,,,,x,x,,x,,,x,,,,,,,,,,,,,,,,,,,,,,,,,,,,,x,,,,,,,,,,,,,,,,,,,,x,,,,,
Andrena dunningi,,x,x,,,,x,,,,,,,x,,,,,x,,,x,,,,,x,,,,,,,x,,,,,,,,,,,,,,x,,,,,,x,,,,x,,,,x,,,,,,,x,,,,,,,,,,,,,x,,,,,
Andrena erigeniae,,,,,,,,,x,,,,,,,,,,,,,,,,,,,x,,,,,,,,,,,,,,,,,,,,,,,,,,,,,,x,,,,,,,,,,,,,,,,,,,,,,,,,,,,,
Andrena erythrogaster,,x,,,,,,,,,,,x,x,,,,,,,,,x,,x,,x,x,,x,,,,x,,,,,,x,,,,,,,,,,,,,,,x,,,x,,,x,x,,,,,,,,,x,,,,,,,,,,,x,,,x,,
Andrena erythronii,,,,,,,,,,,,,,,,,,,,,,,x,,,,,,,,,,,,,,,,,,,,,,,,,,,,,,,,,,,,,,,,,,,x,,,,,,,,,,,,,,,,,,,,,
Andrena forbesii,,x,x,,,,,,,,,,x,x,x,,,,x,,x,,x,,,,x,x,x,x,x,,,x,x,,,,,,,,,,,,,,x,,,,,,,,,,,,x,x,,,,,,,x,,x,,x,,,,,,,,,x,,,,,
Andrena fragilis,,x,,,,,,,,,,,,,,,,,,,,,,,,,x,,,,,,,,,,,,,,,,,,,,,,,,,,,,,,,,,,,,,,,,,,,,,,,,,,,,,,,,,,,,
Andrena frigida,,x,,,,,,,,,x,,x,x,,,,x,x,,,,,,,,x,,,,,,,,,,,,,,,,,,,,,,,,,,,,,,,x,,,x,x,,,,,,,,,,,,,,,,,,,,,,,,,
Andrena geranii,,x,x,,,,,,,,,,x,x,,,,x,x,,,,,,,,x,x,,x,,,,x,,,,,,x,,,,,x,x,,x,,,,,,x,,,,,,,x,x,,,,,,,,x,,,x,,,,,,,,,x,,,,,
Andrena haynesi,,x,,,,,,,,,,,,,,,,,,,,,,,,,,,,,,,,,,,,,,,,,,,,,,,,,,,,,,,,,,,,,,,,,,,,,,,,,,,,,,,,,,,,,
Andrena helianthi,,x,x,,x,x,x,,,x,,x,x,x,,,x,,x,,x,,,x,,x,x,,x,,,x,,x,,,,,,,,x,,,x,,x,,,,,,x,,,x,,x,x,,x,x,,x,,,x,,,x,,x,x,,,x,,x,,,,x,x,x,,,x
Andrena helianthiformis,,,,,,,,,,,,,,,,,,,,,,,,,,,,,,,,,,x,,,,,,,,,,,,,,,,,x,,,,,,,,x,,x,,,,,,,,,,,,,,,,,,,,,,,,,,
Andrena hippotes,,x,,,,x,,,,,,,x,x,,,,,x,,x,,,,x,,x,x,,,,,,x,,,,,,,,,,,,,,,,,,,,,x,,,,,,,x,,,,x,,,,,x,,,,,,,,,,,x,,,x,,
Andrena hirticincta,x,x,x,,,x,,,x,x,x,,x,x,x,,,,x,x,,,,,,x,x,,,x,,,,x,,,,,,,x,,,,,,,,,,,,,x,,x,,x,,x,x,x,,,,,,,x,,,x,x,,x,,,,x,x,,x,,,,x,
Andrena illinoiensis,,x,,,,,,,,,,,,x,,,,,,,,,,,x,,x,x,,,,,,,,,,,,,,,,,,,,,,,,,,,,,,x,,,,x,,,,,,,,,,,,,,,,,,,,x,,,,,
Andrena imitatrix,,x,x,,,,,,,x,,,,,,,,,x,,,,x,,x,,x,x,,x,,,,x,,,,,,,,,,,,,,,,,,,,,,,,,,,x,x,,,,x,,,,,x,,,,,,,,,,,x,,,x,,
Andrena integra,,,,x,,,,,,,,,x,,,,,,,,,,x,,x,,x,x,,,,,,,,,,,,,,,,,,,,,,,,,,,,,,,,,,x,,,,,,,,,,,,,,,,,,,,x,,,,,
Andrena krigiana,,,,,,,,,,,,,,,,,,,,,,,,,,,,x,,,,,,,,,,,,,,,,,,,,,,,,,,,,,,,,,,,,,,,,,,,,,,,,,,,,,,,,,,,
Andrena lupinorum,,,x,,,,,,,,,,,x,x,,,,,,,,,,,x,x,,,,,,,,x,,,,,,,,x,,,,,,,,,,,,,,,,,x,x,,,,,,,,,,,x,,,,,x,x,,,,,,,,,
Andrena macoupinensis,,,,,,,,,,,,,,,,,,,,,,,,,,,,,,,,,,,,,,,,,,,,,,,,,,,,,,,,,,,,,,,,,,,,,,,,,,,,,,,,,,x,,,,,
Andrena mandibularis,,,,,,,,,,,,,,,,x,,,,,,,,,,,,x,,,,,,,,,,,,,,,,,,,,,,,,,,,,,,,,,,x,,,,,,,,,,,,,,,,,,,,x,,,,,
Andrena mariae,,x,,,,,,,,,x,,x,x,x,,,,x,,,,,,,,x,x,,x,,,,x,,,,,,,,,,,,,,,,,,,,,,,,x,,,x,x,,,,,,,,,x,,,,,,,,x,,,x,,,,,
Andrena melanochroa,,,x,,,,,,,,x,,,,x,,,,,,,,,,,,,,,,,,,,,,,,,,,,,,,,,,,,,,,,,,,,,,,,,,,,,,,,,,,,,,,,,,,,,,,,
Andrena milwaukeensis,,x,x,,,,,,x,x,,,,x,x,,,,x,,,,x,,x,,x,x,,,,,x,,,,,,,,,,,,,,,,,,,,,,,,,,,,x,x,,,,,,,x,,,,,,,,,,,,,x,,,x,,
Andrena miranda,,x,x,x,,,,,,,,x,,x,x,x,,x,,,,,,,,,x,x,x,x,x,,,x,x,,,x,,,,,,,,,,,x,,,,,,,,,,,x,,x,,,,,,,x,,x,,,x,,,,,,,,x,,,,,
Andrena miserabilis,,x,,,,,,x,,,,,x,,x,,,x,x,,,,x,,x,,x,x,,x,,,,x,,,,,,,,,,,,,,x,,,,,,,,,,x,,,,x,,,,,,,,,x,,,x,,,,,,,,x,,,,,
Andrena nasonii,,x,,,,,,,,x,,,,,,,,,x,,,,,,x,,x,x,,,,,,,,,,,,,,,,,,,,,,,,,,,,,,x,,,,x,,,,,,,,,x,,,,,,,,,,,x,,,x,,
Andrena nigrae,,,,,,,,,,,,,,,,,,,x,,,,,,x,,x,x,,,,,,,,,,,,,,,,,,,,x,,,,,,,,,,,,,,,,,,,,,,,,,,,,,,,,,,x,,,,,
Andrena nigrihirta,,x,,,,,,,,,,,x,,,,,,,,,,,,,,,,,,x,,,,,,,,,,,,,,,,,,,,,,,,,,,,,,,,,,,,,,x,,,,,,,,,,,,,,,,,,
Andrena nivalis,x,x,x,x,,,,,,,,,x,x,x,x,,,,,x,,x,,,,x,x,x,x,x,,,x,x,,,,,,,,,x,,,,x,,,,,,,x,,,,,,,x,,x,,x,,x,x,x,x,,,,,,x,,,,,x,,,x,x,
Andrena nubecula,x,,x,,,x,,,,x,,,x,x,x,x,,,,,x,,,x,,x,x,x,,x,,,,x,,,x,,,,x,,x,,,,,,,,,,,,,x,,,,x,x,x,,,,,x,,,x,,,x,,x,x,,x,,,,x,,,x,,x
Andrena peckhami,x,,,,,,,,,,,,,,,,,,,,,,,,,,,,,,,,,,,,,,,,,,,,,,,,,,,,,,,,,x,,,,x,,,,,,x,,,,,,,,,,,,,,,,,,,
Andrena perplexa,,,,,,,,x,,,,,,,,,,,x,,,,,,x,,,x,,,,,,x,,,,,,,,,,,,,,,,,,,,,,,,,,,,x,,,,,,,,,,,,,,,,,,,,x,,,,,
Andrena persimulata,,x,x,,,,,,,,,,,x,x,,,,,,,,,,,,,,,x,,,,x,,,,x,,,,,,,,,,x,,,,,,,,,,,,,,x,,,,,,,x,,,,,,,,,,,,,,,,,,
Andrena phaceliae,,,,,,,,,,,,,,,,,,,,,,,,,,,,,,,,,,x,,,,,,,,,,,,,,,,,,,,,,,,,,,,,,,,,,,,,,,,,,,,,,,,,,,,,
Andrena placata,,x,,,,,,,,x,x,,,,,,,,,,,,,,x,,x,,,x,,,,x,,,,,,,,,,,x,,,,,,,,,,,,,,,,,x,,,,,,,,,,,,,,,,,,,,x,x,,,,
Andrena platyparia,,x,,,,,,,,,,,,x,,,,x,,,,,,,,,,x,,,,,,,,,,,,,,,,,,,,,,,,,,,,,,,,x,,x,,,,,,,,,,,,x,,,,,x,,,x,,,,,
Andrena polemonii,,,,,,,,,,,,,,,,,,,,,,,,,,,,x,,,,,,,,,,,,,,,,,,,,,,,,,,,,,,,,,,,,,,,,,,,,,,,,,,,,,,,,,,,
Andrena quintilis,,,x,,,x,,,,,,,,x,,,,,,,x,,,,,x,x,,,,,x,,x,,,,,,,x,x,,x,,,,,,,,,,,,,,,x,x,,,,,,,,,,,,x,,,x,,,,,,,x,,,x,,
Andrena regularis,,,,x,,,,,,,,,,,x,,,,,,,,,,,,,,,,,,,,,,,,x,,,,,,,,,,,,,,,,,,,x,,,,,,,,,,,x,,,,,,,,,,,,,,,,,,
Andrena robertsonii,,,,,,,,,,,,,,,,,,,,,,,,,,,,x,,,,,,,,,,,,,,,,,,,,,,,,,,,,,,,,,,x,,,,,,,,,,,,,,,,,,,,x,,,,,
Andrena robervalensis,,,,x,,,,,,,,,,,x,,,,,,,,,,,,,,,,,,x,,,,,,,,,,,,,,,,,,,,,,,,,x,,,,,,,,,,,,,,,,,,,,,,,,,,,,,
Andrena rudbeckiae,,,,,x,,,x,,,,x,,,,,,,,,,x,,,,,x,x,,,,x,,x,,,,,,,,x,,,,x,,,,,x,,x,,,,,,x,,x,x,,x,x,x,,,,x,,,,,,,,,,,,x,x,,,,
Andrena rufosignata,,x,,,,,,,,,,,,x,,x,,x,,,,,,,,,,,,x,,x,,,,,,,,,,,,,,,,x,,,,,,,,,,,,,,x,,,,,,,,,,,,,,,,,,,,x,,,,,
Andrena rugosa,,x,,,,,,,,,x,,,,,,,,,,,,x,,,,x,x,,x,,,,,,,,,,,,,,,,,,,,,,,,,x,,,x,,,,x,,,,,,,,,,,,,,,,,,,,x,,,x,,
Andrena runcinatae,,,,,,,,,,,,,,,,,,,,,,,,,,,,,,,,,,,,,,,,,,,,,,,,,,,,,,,,,,,,x,,,,,,,,x,,,,,,,,,,,,,,,,,,,
Andrena salictaria,,x,,,,,,,,x,,,x,,x,,,,x,,,,,,,,x,,,,,,,,,,,,,,,,,,,,,,,,,,,,,,,x,,,,x,,,,,,,,,,,,,,,,,,,,x,,,,,
Andrena sigmundi,,x,,,,,,,,,,,x,x,x,,,,,,,,,,,,x,,x,x,,,,x,,,,,,,,,,,,,,,,,,,,,,,,x,,x,x,x,,,,,,,,,x,,,,,,,,,,,,,,,,
Andrena simplex,x,,,,,,,,,,,,,,,,,,,,,,,,,,,,,,,,,,,,,,,,,,,,,,,,,,x,,,,x,,,,,,x,x,,,,,,,,,,,x,,,,,,,,,x,,,x,,
Andrena spiraeana,,x,x,,,,,,,,,,,,x,,,,x,,,,,,,,,x,,x,,,,,,,,,,,,,,,,,,,,,,,,,,,,,,,,x,,,,,,,,,,,,,,,,,,,,x,,,x,,
Andrena surda,,,,,,,,,,,,,,x,,,,,,,,,,,,,,,,,,,,,,,,,,,,,,,,,,,,,,,,,,,,,,,,,,,,,,,,,,,,,,,,,,,,,,,,,
Andrena thaspii,,x,x,,,x,,,,x,x,,,x,x,,,,,,,,,,,,,,,x,x,,,x,x,,x,,,,,,x,,,,,,,,,,,,,,,,,x,,x,x,,,,,,x,,,,,,,,x,x,x,,,,,,,,
Andrena tridens,,,,,,,,,,,,,,,,,,x,,,,,,,,,,,,,,,,,,,,,,,,,,,,,,,,,,,,,,,,,,,,x,,,,,,,,,,,,,,,,,,,,,,,,,
Andrena uvulariae,,,,,,,,,,,,,,,,,,,x,,,,,,,,,,,,,,,,,,,,,,,,,,,,,,,,,,,,,,,,,,,,,,,,,,,,,,,,,,,,,,,,,,,,
Andrena vernalis,,,,,,x,x,,,,,,,,,,,,,,x,,,,,,,,,,,,,x,,,,,,,x,x,,,,,,,,,x,,,,,,,,x,,,,,,,,,,,,,,,,x,x,,,,,,x,,,,,
Andrena vicina,x,x,x,x,,,,,x,,x,,x,x,x,,,,x,,,,x,,x,,x,x,x,x,,,,x,,,,,,,,,,,,,x,x,,,,,,,,,,x,,,x,x,,,,,,,x,x,x,,,,,,x,,,,,x,,,x,,
Andrena virginiana,,x,x,,,,,,,x,,,,x,,,,,,,,,,,,,x,x,,,,,,,x,,,,,,,,,,,,,,,,,,,,x,,,,,x,,x,,,,,,,,,,,,,x,,,,,x,,x,,,,,
Andrena wellesleyana,,x,,,,,,,,,,,x,x,,,,,,,,,,,,,x,x,,x,,,,,,,,,,,,,,,,,,,,,,,,,,,,x,,,,x,,,,,,,,,x,,,,,,,,,,,x,,,,,
Andrena wheeleri,,x,,,,,,,,,,,,,,x,,,,,,,,,,,x,,,,,,,x,,,,x,,,,,,,,,,x,,,,,,,,,,,,,x,x,,,,,,,x,,,,,,,,,,,,,x,,,,,
Andrena wilkella,x,x,x,,,x,,x,,x,,,x,x,x,,,,x,,x,,,x,,,x,x,,x,,x,x,x,,,x,x,x,x,,x,x,,x,x,x,x,,,x,x,x,x,,,,x,x,x,x,x,,x,x,,,x,x,x,,x,x,x,x,x,x,,,,x,x,x,x,x,x,
Andrena wilmattae,,x,,,,,x,,,,,,,,,,,,,,,,,,,,x,x,,,,,,x,,,,,,x,,,,,,,,,,,,,,,x,,,x,,,,x,,x,x,,,,,x,,,,,,,,,,,,x,,,x,,
Andrena w-scripta,,,,,,,,,,,,,,,x,x,,,,,,,,,,,,,,,,,,,,,,x,,,,,,,,,,,,,,,,,,,,,,,,,,,,,,,,,,,,,,,,,,,,x,,,,,
Andrena ziziae,,,x,,,x,x,x,,,,x,,x,,,,,x,x,x,,,,x,,x,x,,x,,,,x,,,,,,,x,x,x,,x,,,,x,,x,,,x,,,,,x,x,x,x,,x,x,,,x,,x,,,,x,x,x,,,x,,,x,,x,,,
Calliopsis andreniformis,,,,x,x,x,,,x,x,,x,,x,x,,,,x,,,x,x,,x,,x,x,,,,x,x,x,,,,x,,,,x,,x,,,x,x,,,x,,x,,x,,,,x,x,x,x,x,,x,x,x,,,x,,,x,x,x,,,x,x,,x,x,x,,x,,
Calliopsis coloradensis,,,,,,,,,,,,,,x,,,,,,,,,,,,,,,,,,,,,,,,,,,x,,,,,,,,,,,,,,,,,,,,,x,,,,,,,,,,,,,,,,,,,,,,,,,x
Calliopsis nebraskensis,,x,,,,x,,,,,,,,x,,,,,x,,,,,,,,x,,,x,,,,x,,,,,,,,x,,,,,x,x,,,x,,,,x,,,,,,,x,,,,,,,,,,,x,,,,,x,,,x,,,,,,
Perdita albipennis,,x,,,,,,,,,,,,x,,,,,,,,,,,,,,,,,,,,,,,,,,,,,,,,,,,,,,,,,,,,,,,,x,,,,,,,,,,,,,,,,,,,,x,,,,,
Perdita bruneri,,,x,,,,,,,,,x,,x,,,,,,,,,,,,,,,,,,,,,,,,,,,,,,,,,,,,,,,,,,,,,,,,,,,,,,,,,,,,,,,,,,,,,,,,,x
Perdita dolichocephala,,x,,,,,,,,,,,,,,,,,,,,,,,,,,,,,,,,,,,,,,,,,,,,,,,,,,,,,,,,,,,,,,,,,,,,,,,,,,,,,,,,,,,,,
Perdita fallax,,,,x,,,,,,,,,,,,,,,,,,,,,,,,,,,,,,,,,,,,,,,,,,,,,,,,,,,,,,,,,,,,,,,,,,,,,,,,,,,,,,,,,,,
Perdita gerhardi,,,,,,,,,,,,,,,,,,,,,,,,,,,,,,,,,,,,,,,,,,,,,,,,,,,,,,,,,,,,,,,,,,,,,,,,,,,,,,,x,,,x,,,,,
Perdita halictoides,,x,,,x,,,,,,,,,,,,,,,,,,,,,,x,x,,,,,,,,,,,,,,,,,x,,,,,,,,,,x,,,,,x,,x,,,,,,,,,x,,,,,,,,,,,,,,,,
Perdita ignota,,,,,,,,,,,,x,,,,,,,,,,,,,,,,,,,,,,x,,,,,,,,,,,,,,,,,,,,,,,,,,,,,,,,,,,,,,,,,,x,,,,,,,,,,,x
Perdita maculigera,,,,,,,,,,,,,,,,,,,,,,,,,,,x,,,,,,,,,,,,,,,,,,,,x,,,,,,,,,,,,,,,x,,,,,,,,,,,,,,,,,,,,,,,x,,
Perdita octomaculata,,,,,,,,,,,,,,,,,,,,,,,,,,,,,,,,,,,,,,,,,,,,,,,,,,,,,,,x,,,,,,,,,,,,,,,,,,,,,,,,,,,,,,x,,
Perdita pallidipennis,,x,,,,,,,,x,,,,,,,,,,,,,,,,,,x,,x,,,,,,,,,,,,,,,,,,,,,,,,,,,,,,,,x,,,,,,,,,,,,,,,,,,,,x,,,,,
Perdita perpallida,,x,,,,,,,,,,,,,,,,,,,,,,,,,x,,,,,,,,,,,,,,,,,,,,,,,,,,,,,,,,,,,x,,,,,,,,x,x,,x,,,,,x,x,,,,x,,,,
Perdita swenki,,x,x,x,x,,,,,,x,x,,x,,,,,x,,x,,,,x,,x,,x,x,,,,x,,,,,,,,,,x,,,,,x,,,,,,,x,,,,,,x,x,,,,,,x,x,x,,x,,,,,,,x,,x,,,,,x
Protandrena aestivalis,x,x,,x,x,x,,,x,x,,,,,x,,,,,,,,,,,,x,,,x,,,,,,,,,,,,,,,,,,,,,,,,,,,,,,x,,x,,,,,x,,x,,x,,,,,,,,,,,x,,,x,,
Protandrena albitarsis,,,,,x,x,,,,,,,,x,,,x,,x,,,,,,x,,x,,,,,,,x,,,,,,,,x,,,,,,,,,x,x,x,,,,,,,,x,,,x,x,,,,,,,,,,x,x,,,,,,x,,,,,
Protandrena andrenoides,x,x,,,,x,,,,x,,,,,,,,,,,,,,,,,x,x,,,,,,,,,,,,,,x,,,,,,,,,,,,,,,,,,,,x,,,,,,,,x,,,,,,,,,,,,,,,,,
Protandrena bancrofti,,,x,,,x,,,,,,,,x,,,,,,,x,,,,,,x,,,,,x,,x,,,,,,,,x,,,,,,,,,,,,,,,,,,,x,,,,,,,,,,,,,,,,x,,,,,x,,,x,,
Protandrena labrosa,,,,,,,,,,x,,,x,,,,,,,,,,,,,,x,,,,,,,,,,,,,,,,,,,,,,,,,,,,,,,,,,,x,,,,,,,,,,,,,,,,,,,,,,,,,
Protandrena parva,,,,,,,,,,,,,,,,,,,,,,,,,,,,x,,,,,,,x,,,,,,,,,,,,,,,,,,,x,,,,,,x,,,,,,,,,,,,,,,,,,,,,,,,,,,
Protandrena pauper,,,,,,,,,,,,,,,,,,,,,,,,,,,,,,,,,,,,,,,,,,,,,,,,,,,,,,,,x,,,,,,x,,,,,,,,,x,,,,,,,,,,,x,,,,,
Protandrena renimaculata,,,,,,x,,,,,,,,,,,,,,,,,,,,,,,,,,,,,,,,,,,,,,,,,,,,,,,,,,,,,,,,,,,,,,,,,,,,,,,,,,,,,,,,,x
Protandrena rudbeckiae,x,x,,,,,,,,,,,,x,,,,,,,,,,,,,x,,,,,,,,,,,,,,,,,,,,,,,,,,,,,,,,,x,,x,,,,,,,,,,,,,,,,,,,,,,,,,
Protandrena simulans,,,,,,x,,,,,,,,x,,,,,,,,,,,,x,x,,,,,,,,,,,,,,,,,,,,,,,,,,,,,,,,,,,x,,,x,,,,,,,,,,x,,,,,,,,,,,,x
Anthophora bomboides,x,x,x,,,,,,,,x,,,,x,x,,,,,,,,,,,,,,,,,,,,,,,,,,,,,,,,,,,,,,,,,,x,,,,,,x,,,,,x,,,,,,,,x,,,,,,,,,,
Anthophora terminalis,x,x,x,x,x,x,,x,,x,x,,x,x,x,x,x,x,,,x,,,,,,x,x,x,x,x,,,x,x,,,x,,,,x,,x,,,x,,x,,,,,,,x,,x,x,x,x,x,x,x,,x,x,x,x,,x,,x,,x,,x,,,,x,x,x,,,x,x
Anthophora walshii,,x,x,,,,,x,,x,,x,,x,x,,,,x,,,,,x,,,x,,,,,,,x,,,,,,,,,,x,,,,,,,x,x,,,,x,,,,,x,,,,,,,,,,,,x,,,x,,,,,,,x,,,,
Apis mellifera,x,x,x,x,x,x,x,x,x,x,x,x,x,x,x,x,x,x,x,x,x,x,x,x,x,x,x,x,x,x,x,x,x,x,x,x,x,x,x,x,x,x,x,x,x,x,x,x,x,x,x,x,x,x,x,x,x,x,x,x,x,x,x,x,x,x,x,x,x,x,x,x,x,x,x,x,x,x,x,x,x,x,x,x,x,x,x
Bombus affinis,x,x,x,,,,x,,,x,x,,,x,,,,x,x,,x,,x,x,x,,x,x,x,x,,,,x,,,,,,x,,,,,,,,,x,,,,,,x,,,,,,,x,,,,x,,,,x,x,,x,,,,,,x,,,x,,,x,x,
Bombus ashtoni,x,x,x,x,,,,,,x,x,,,x,x,x,,x,,,,,,,x,,x,,x,x,x,,,,,x,,x,x,,,,,x,,,,,,,,,,x,,x,,x,,x,,x,,,,,,x,x,,x,,x,,,,x,,x,x,,x,,,,,
Bombus auricomus,,x,,,x,x,,x,,x,,x,x,,,,x,x,x,,x,x,x,x,x,,x,x,,x,,x,,x,,,,,,x,x,x,,,,x,x,,x,x,x,x,x,,x,,,,,,x,x,,,x,x,x,,,x,x,,x,,x,x,,,x,x,,x,x,,x,x,x
Bombus bimaculatus,x,x,x,,x,x,,x,,x,,x,x,x,,,,,x,x,x,,x,x,x,x,x,x,,x,x,,,x,x,,,,,x,x,x,,,x,x,,,x,,x,,,,x,,,,x,x,x,x,,x,x,x,,,x,x,x,x,x,,x,x,x,,x,x,x,x,x,x,x,x,x
Bombus borealis,x,x,x,x,x,x,,x,x,x,x,x,x,x,x,x,x,x,x,x,x,,,x,x,x,x,x,x,x,x,x,,x,x,x,x,x,x,,,x,x,x,,x,x,x,x,,,,,x,x,x,x,x,x,x,x,x,x,,x,,,x,x,,x,,x,,x,x,x,x,x,x,,x,,x,,,x
Bombus citrinus,x,x,x,,x,,x,,x,x,x,,x,x,x,x,,,x,x,x,,,,x,x,x,,x,x,x,,x,,,,,,,x,,,,x,,,,x,x,,,,,,x,x,,x,,x,,x,,,,,x,,x,,x,x,x,,,,,,x,,,x,,,x,,
Bombus fervidus,x,x,x,,x,x,x,,x,,x,x,,x,x,,x,x,x,x,x,x,x,x,x,x,x,x,x,x,,x,,x,x,,x,,,x,x,x,x,x,x,x,x,x,x,x,x,x,x,x,x,x,x,x,x,x,x,x,x,x,x,x,x,x,x,x,x,x,x,x,x,x,x,x,x,x,x,x,x,x,x,x,x
Bombus flavidus,x,,x,x,,,,,x,,x,,,,,x,,,,,,,,,,,,,x,,,,,,,,,x,,,,,,,,,,x,x,,,,,,,,,x,,,,,,,,,,x,x,,,,,,,,,,,,,,,,,,
Bombus fraternus,,,,,,,,,,,,,,,,,,,,,,,,,,,,,,,,,,,,,,,,,,,,,,,,,,,,,,,,,,,x,,,,,,,,,,,,,,,,,,,,,,,,,,,,x
Bombus frigidus,x,,,,,,,,,,,,,,,,,,,,,,,,,,,,,,,,,,,,,x,x,,,,,,,,,,,,,,,,,,,,,,,,,,,,,,,,,,,,,,,,,,,,,,,,
Bombus griseocollis,x,x,x,x,x,x,x,x,x,x,x,x,x,x,x,,x,x,x,x,x,x,x,x,x,x,x,x,x,x,x,x,x,x,x,x,x,x,x,x,x,x,x,x,x,x,x,,x,x,x,x,x,x,x,x,x,x,x,x,x,x,x,x,x,x,x,x,x,x,x,x,x,x,,x,x,x,x,x,x,x,x,x,x,x,x
Bombus huntii,,,,,,,,,,,x,,,x,,,,,,,x,,,,,,,,,,,,,,,,,,,,,,,,,,,,,,,,,,,,,,,x,x,,,,,,x,,,,x,,,,,,,,,,,,,,,,
Bombus impatiens,x,x,x,,x,x,x,x,x,x,x,x,x,x,,,x,x,x,x,x,x,x,x,x,x,x,x,,x,,x,x,x,,,,,,x,x,x,,,x,,x,x,x,,x,,x,,x,x,,x,x,,x,x,,x,x,x,x,,x,x,x,x,x,x,x,x,x,x,x,x,,x,x,,x,x,
Bombus insularis,,,,x,,,,,x,,x,,,,,x,,x,,,,,,,,,,,,,,,,,,,,x,,,,,,,,,,,,,,,,,,,,x,,,,,,,,,,,x,,,,,,,,,,,,,x,,,,,
Bombus melanopygus,,,,,,,,,,,,,,,,x,,,,,,,,,,,,,,,,,,,,,,,x,,,,,,,,,,,,,,,,,,,,,,,,,,,,,,x,,,,,,,,,,,,,,,,,,
Bombus nevadensis,,,,,,,,,,,,,,x,,,,,,,,,,,,,,,,,,,,,,,,x,,,x,,,,,,,,,,x,,,,,,,,,,,x,,,,,,x,x,,,,,,,,,,,,,,,,,,x
Bombus pensylvanicus,,x,x,,x,x,,x,,,,x,,x,,,x,,x,,,x,x,x,x,x,x,,,,,x,,x,x,,x,,,,x,x,,x,x,,x,x,,x,x,,x,,x,x,,,x,,x,x,x,x,x,,x,x,,,x,x,x,x,x,x,,x,x,,,x,x,,,,x
Bombus perplexus,x,x,x,x,,,,,x,x,x,,,x,x,x,,,,,,,,,,,x,,x,,,,,,,,,x,x,,,,,,,,,x,,,,,,,,x,,x,,,,,,,,,,x,x,,,,,,,,,,x,,,x,,,,,
Bombus rufocinctus,x,x,x,x,x,,,,x,x,x,,,x,x,x,,x,x,x,,x,x,,x,,x,,x,x,x,,,,x,x,x,x,x,,x,,x,x,,,,x,x,,x,x,,x,,,x,x,,x,x,x,x,,,,,x,x,x,x,,x,,x,,x,,x,x,,x,,x,,x,
Bombus sandersoni,x,x,x,x,x,,,,,,x,,,,x,x,,,,,,,,,,,,,x,,x,,x,,x,x,,x,x,,,,,,,,,,,,,,,,,,,x,,x,,,,,,,,,x,,,,,,,,,,,,,,,,,,
Bombus suckleyi,,,,,,,,,,,,,,,,,,,,,,,,,,,,,,,,,,,,,,,,,,,,,,,,,,,,,,,,,,,,,,,,,,,,,x,,,,,,,,,,,,,,,,,,
Bombus ternarius,x,x,x,x,x,x,,,x,x,x,,x,x,x,x,,x,x,,x,,x,x,,x,x,x,x,x,x,,x,x,x,x,,x,x,,x,,x,x,,,,x,x,,,,,x,x,x,x,x,,x,x,x,x,,x,x,,x,x,x,,,x,,,,x,x,x,x,,x,,x,x,,
Bombus terricola,x,x,x,x,,,,,x,,x,,,x,x,x,,x,,,,,,,,,x,,x,x,,,,,,x,,x,x,,,,,,,,,,x,,,,,,,,x,x,,,,x,,,x,,,,x,,x,,x,,x,,,,,,,x,,,,x,
Bombus vagans,x,x,x,x,x,x,x,x,x,x,x,x,x,x,x,x,x,x,x,x,x,x,x,x,x,x,x,x,x,x,x,x,x,x,x,x,x,x,x,x,x,x,x,x,x,x,x,x,x,x,x,x,x,x,x,x,x,x,x,x,x,x,x,x,x,x,x,x,x,x,x,x,x,x,x,x,x,x,x,x,x,x,x,x,x,x,x
Bombus variabilis,,,,,,,,,,,,,,,,,,,,,,,,,,,,,,,,,,,,,,,,,,,,,,,,,,,,,,,,,,,,,,,,,,,x,,,,,,,,,,,,,,,,,,,,
Brachymelecta interrupta,,x,x,,,,,,,,x,,,,,,,,,,,,,,,,,,,,,,,,,,,,,,,,,,,,,,,,,,,,,,,,,,x,,,,,,,,,x,,,,,x,,,,,,,,,,,,
Ceratina calcarata,x,x,x,x,,,x,x,,x,x,,x,x,x,,,x,x,,x,x,x,x,x,x,x,x,x,x,,x,,x,,x,,,,,,x,,x,,,x,x,x,,,,,x,x,x,,x,x,,x,x,x,x,x,,x,x,x,x,x,x,x,,,,,x,x,,x,x,,,x,x,
Ceratina dupla,x,x,x,x,,,x,,,,,,x,x,x,,,,x,x,,x,,x,,,x,,,x,,,x,x,x,,,,,,,,,x,,x,,,,,,x,,,,,,x,,x,x,x,,x,x,x,,,,x,x,x,,,,x,,,x,,x,x,,,x,x,
Ceratina mikmaqi,x,x,x,x,,x,x,x,x,x,x,x,x,x,x,x,x,,x,x,x,x,x,x,x,x,x,x,x,x,x,x,x,x,x,,x,x,x,,x,x,x,x,x,x,x,x,x,x,x,x,x,x,x,x,x,x,x,x,x,x,x,x,x,x,x,,x,x,x,x,x,x,x,x,x,x,x,x,x,x,x,x,x,,x
Ceratina strenua,,,,,,,,,,,,,,,,,,,,,,,,,,,,x,,,,,,,,,,,,,,,,,,,,,,,,,,,,,,,,,,,,,,,,,,,,,,,,,,,,,,,,,x,,
Epeolus ainsliei,,x,,,,,,,,,,,,,,,,,,,,,,,,,x,x,,,,,,,,,,,,,,,,,,,,,,,,,,,,,,,,,,x,,,,,,,,x,,,,,,,,,x,,,x,,,,,
Epeolus americanus,,,,,,,,,,,,,,,,,,,,,,,,,,,,,,,,,,,,,,x,,,,,,,,,,,,,,,,,,,,,,,,,,,,,,,,,,,,,,,,,,,,,,,,,
Epeolus autumnalis,,,,,,,,,,,,,,,,,,,,,,,,,,,,,,,,,,,,,,,,,,,,,,,,,,,,,,,,,,,,,,x,,,,,,,x,,,,,,,,,,,,,,,,,,
Epeolus bifasciatus,,,,,,,,,,,,,,,,,,,,,,,,,,,x,,,,,,,,,,,,,,,,,,,,,,,,,,,,x,,,,,,,x,,,,,,,,x,,,,,,,,,,,,x,,,,,
Epeolus interruptus,,,,,,,,,,,,,,,,,,,,,,,,,,,x,,,,,,,,,,,,,,,,,,,,,,,,,,,,,,,,,,x,,,,,,,,,,,,,,,,,,,,,,,,,,
Epeolus lectoides,,,,,,,,,,,,,,,x,,,,,,,,,,,,,x,,,,,,,,,,,,,,,,,,,,,,,,,,,,,,,,,,,,,,,,,,,,,,,,,,,,,,,,,,,
Epeolus lectus,,,,,,,,,,,,,,,,,,,,,,,,,,,,,,,,,,,,,,,,,,,,,,,,,,,,,,,,,,,,,,,,,,,,,,,,,,,,x,,,,,,,,,,,
Epeolus minimus,,,,,,,,,x,,,,,x,x,,,,,,x,x,,,,,x,,,,,,,,x,x,,x,,,,,,x,,,,,,,,,,x,,,,,,x,,x,,,,,,,,,x,,,,,x,,,,x,,,,,x,,
Epeolus pusillus,,,,,,,,,,,,,x,,,,,,,,,,,,x,,,,,,,,,x,,,,,,,,,,,,,,,,,,,,,,,,,,,,,,,,,,,,x,,,,,,,,,x,,,,,,,,x
Epeolus scutellaris,,x,,,,,,,,,,,,,,,,,,,,x,,,x,,,,,x,,,,x,,,,,,,,,,,,,,,,,,,,,,,,,,,,x,,,,,,,,,,,,,x,,,,,,,x,,,,,
Eucera albata,,,,,,,,,,,,x,,,,,,,,,,,,,,,x,,,,,,,x,,,,,,,,x,,,,,,,,,x,,,,,,,,,,,,,x,,,,,,,,,,,x,,,,,,,,,,,,
Eucera aragalli,,,,,,,,,,,,,,,,,,,,,,,,,,,,,,,,,,,,,,,,,,,,,,,,,,,,,,,,,,,x,,,,,,,,,,,,,,,,,,,,,,,,,,,,
Eucera atriventris,,x,x,,,,,,,,x,,,,x,,,x,,,x,x,x,,,,x,x,x,,x,,,x,,,,,,,,,,,,,,x,,,,,,,,x,,x,,x,,x,,,,x,,,x,,,,x,,,,,,x,x,,x,,,,,
Eucera dubitata,,,,,,,,,,,,,,,,,,,,,,,,,,,,,,,,,,,,,,,,,,,,,,,,,,,,,,,,,,,,,,x,,,,,,,,,,,,,,,,,,,,,,,,,
Eucera hamata,,,x,,x,,,x,,x,,x,x,,,,x,,x,,,x,x,x,x,,x,x,,,,x,,x,,,,,,x,,,,,x,x,x,,,,x,,x,,x,x,,,x,,x,x,,x,x,,x,,,x,x,x,x,,,x,,,x,,,x,,,x,,x
Eucera kansensis,,x,,,x,x,,x,,,,x,x,x,,,,,,,,,,,,,x,,,x,,x,,x,,,,,,,,x,,,,x,,,x,,x,,x,x,,x,,,,,,x,,,x,,,,,,,,,,,x,,,x,,,,,x,,,
Eucera lepida,,,,,,,,,,,,,,,,,,,,,,,,,,,,,,,,,,,,,,,,,,,x,,,,,,,,,,,,,,,,,,,,,,,,,,,,,,,,,,,,,,,,,,,,
Eucera pruinosa,,,,,,,,x,,,,,,,,,,,x,,,,,,,,x,,,,,,,x,,,,,,,,,,,x,,,,,,x,,,,x,,,,,,x,x,,,x,,,,,x,,,,x,,,,,,,x,x,x,,,,
Holcopasites calliopsidis,,,,,,,,,,,,,,,,,,,,,x,,,,x,,x,,,,,,,,x,,,,,,,,,,,,,,,,,,,x,,x,,,,x,,x,,,,,x,,,,,,,,,,,,,,,x,,,,,
Melissodes agilis,,x,x,,x,x,,x,,x,,x,x,x,x,,x,,x,,x,x,,,,x,x,,x,x,,x,,x,x,,x,,,,x,x,x,x,x,x,x,,x,,x,,x,x,x,x,x,,x,x,x,x,x,x,x,x,x,x,,x,x,x,x,x,x,x,x,x,,,x,x,x,x,x,,x
Melissodes apicatus,x,,,,,,,,x,,,,,,,,,,,,,,,,,,,,,,,,,,,,,,,,,,,,,,,,,,,,,,,,,,,,,,,,,,,,,,,,,,,,,,,,,,,,,,
Melissodes bidentis,,,,,,x,,,,x,,,,,,,,,,,,,,,,,,,,,,,,,,,,,,,,x,,,,,,,,,,,,,,,,,,,,,x,,,,,,,,,,,,,,,,,,,,x,,,,
Melissodes bimaculatus,,x,,,,x,x,x,,x,,x,x,x,,,x,,x,x,,x,x,x,x,,x,x,,,,x,,x,,,x,,,,x,x,,,x,,x,,,x,x,,x,,x,,,,x,,x,x,,x,x,x,x,,,x,x,x,x,x,x,x,,x,x,,x,x,x,,x,x,x
Melissodes boltoniae,,,,,,,,,,,,,,,,,,,,,,,,,,,,,,,,,,,,,,,,,,,,,,,,,,,,,,,,,,,,,,,,,,,,,,,,,,,,,,,,,,,,,,,
Melissodes communis,,,,,,,,x,,,,,,,,,,,,,,,,,,,,,,,,,,x,,,x,,,,,x,,,x,,,,,,,,x,,,,,,,,,,,,,,,,,,,,,,,,,,,,,,x,,,,
Melissodes comptoides,,,,,,,,,,,,,,,,,,,,,,,,,,,,,,,,,,,,,,,,,,,,,x,,,,,,,,,,,,,,,,,,,,,,,,,,,,,,,,,,,,,,,,,,
Melissodes confusus,,x,x,,,,,,,,,,,,x,,,,,,,,,,,,,,,,,,,,x,,,,,,,,,x,,,,,,,,,,x,,,,,,x,,,x,,,,,x,,,,,,,,,,,,,,,,,,,
Melissodes coreopsis,,,,,,,,,,,,,,x,,,,,,,,,,,,,,,,,,,,,,,,,,,,,,,,,,,,,,,,,,,,,,,,,,,,,x,,,,,,,,x,,,,,,,x,,,,,x
Melissodes denticulatus,,,,,,,,,x,,,,x,,,,,,,,,,,,,,,,x,,,,,,,,,,,,,,,,x,,,,,,,,,,,,,,,,,x,,,,,,,,,,,,,,,,,,,,x,x,,,,
Melissodes dentiventris,,x,,,,,,,,,,,,,,,,,,,,,,,,,x,,,x,,,,,,,,,,,,,,,,,,,,,,,x,,,,,,,,,x,,,,,,,,,,,,,,,,,,,,x,,,,,
Melissodes desponsus,,,x,,x,,,x,,,,,x,,x,,x,,x,,x,x,,x,,,x,x,,,,x,,,,,,,,,,x,,,x,,x,x,,,x,,x,,x,x,,,,,x,x,,x,x,,x,,,x,,,x,,,,,,x,,x,x,x,,,,
Melissodes druriellus,x,x,x,x,x,x,,,,x,x,,,x,x,,,,,,,,,,,x,x,,x,x,,,,x,,x,,,,,,,,,x,,,,,,x,,,,x,,,x,,x,x,x,,,,,,,x,,,,,,x,,,,,,x,x,,x,,x,x
Melissodes gelidus,,,,,,,,,,,,,,,,,,,,,,,,,,,,,,,,,,,,,,,,,,,,,,,,,,,,,,,,,,,,,,,,,,,,,,,,,,,,,,,,,,x,,,,,
Melissodes grindeliae,,,,,,,,,,,,,,,,,,,,,,,,,,,,,,,,,,,,,,,x,,,,,x,,,,,,,,,,,,,,,,x,,,,,,,,,,,,,,,,,,,,,,,,,,,
Melissodes illatus,,x,x,,,,,,x,,,,,,x,x,,,,,x,,,,,,,,x,x,,,,,,x,,x,,,,,,,,,,x,,,,,,,,,,,,,,x,,,,,,,x,,,,,,,,,,,,,x,,,,,
Melissodes menuachus,,x,,,,x,,,,,,,,x,,,,,,,x,,,,,,,,,,,,,,,,,,,,,x,,,,,,,,,,,,x,,,,,,,x,x,,,,,,,,,,,,,,,,,,,,,,,,,
Melissodes niveus,,,,,,x,,,,,,,,x,,,,,,,,,,,,,,,,,,,,,,,,,,,,,,,,,,,,,,,,,,,,,,,,,,,,,,,,,,,,,,,,,,,,,,,,,
Melissodes rivalis,,,,,,,,,,,,,,,,,,,,,,,,,,,,,,,,,,,,,,,,,,,,x,,,,,,,,,,,,,,,,,,,,,,,,,,,,,,,,,,,,,,,,,,,
Melissodes snowii,,,,,,,,,,,,,,,,,,,,,,,,,,,,,,,,,,,,,,,,,,,,,,,,,,,,,,,,,,,,,,,,,,,,,,,,,x,,,,,,,,,x,,,,,
Melissodes subagilis,,,,,,,,,,,,,,x,,,,,,,,,,,,,x,,,,,,,,,,,,,,,,,,,,,,,,,,,,x,,,,x,,,x,,,,,,,,,,,,,x,,,,,,,,,,,,x
Melissodes subillatus,,x,x,,,x,,x,,,,,,x,x,,x,x,x,,,,,,,,x,,,,,x,,x,,,,,,,,x,x,,,x,x,,,,x,,,,,x,,,x,,x,x,,,,,x,,,,x,,,,x,x,,,,,,x,x,,,x,
Melissodes tinctus,,,,,,,,,,,,,,,,,,,,,,,,,,,,,,,,,,,,,,,,,,,,,,,,,,,,,,,,,,,,,,,,,,,,,,,,,,,,,,,,,,,,,,,
Melissodes trinodis,x,x,x,,x,x,x,x,x,x,,x,x,x,x,,x,,x,x,x,x,x,x,x,x,x,x,x,x,,x,,x,x,,x,,,x,x,x,x,x,x,x,x,,x,x,x,x,x,x,x,x,x,x,x,x,x,x,x,x,x,x,x,x,,x,x,x,x,x,x,x,x,x,x,x,x,x,x,x,x,x,x
Melissodes wheeleri,,x,x,,,,,,x,,,,,x,x,,,,,,x,,,,,,x,,,x,,,,x,x,,,,,,,,,,,,x,,,,,,,,,,,,,,x,x,,,,,,,,,,,,,x,x,x,,,,,,,,,,
Neolarra vigilans,,,,,,,,,,,,,,,,,,,,,,,,,,,,,,,,,,,,,,,,,,,,,,,,,,,,,,,,,,,,,,,,,,,,,,,,,,,,,,,,,,x,,,,,
Nomada aquilarum,,,,,,,,,,,,,,,,,,,,,,,,,,,,,,,,,,,,,,,,,,,,,,,,,,,,,,,,,,,,x,x,,,,,,,,,,,,,,,,,,,,,,,,,,
Nomada articulata,,x,x,,,x,x,x,,,,x,,x,x,,,,,,x,,x,,x,x,x,x,,x,,x,,x,x,,,,,,x,x,,x,x,x,x,,,,x,x,,x,x,x,,x,x,x,x,x,x,,x,,x,,x,,,x,,x,x,x,,x,x,,,x,,,x,,
Nomada australis,,x,,,,,,,,,,,,,x,,,,,,,,,,x,,,x,,x,,,,,,,,,x,,,,,,,,,,,,,,,,,,,,,,,,,,,,,,,,,,,,,,,,,,,x,,,,,
Nomada banksi,,,,,,,,,,,,,,,,,,,,,,,,,,,x,,,,,,,,,,,,,,,,,,,,,,,,,,,,,,,,,,,,,,,,,,,,,,,,,,,,,,,x,,,,,
Nomada bella,,,,,,,,,,,,,,,,,,,,,,,,,,,,,,,,,,,,,,,,,,,,,,,,,,,,,,,,,,,,,,,,,,,,,,,,,,,,,,,,,,,,,,,
Nomada besseyi,,,,,,,,,,x,,,,,,,,,,,,,,,,,,,,,,,,,,,,,,,,,,,,,,,,,,,,,,,,,,,,,,,,,,,,,,,,,,,,,,,,,,,,,
Nomada bethunei,,,,,,,,,,,,,,,,,,,,x,x,x,,,,,,x,,,,,,,,,,,,,,,,,x,,,,,,,,,,,,,,,x,x,x,,,,,,,x,,,,x,,,,,,,,,,,,,,
Nomada cressonii,,x,x,,,,,,,,,,x,,x,,,,,,,,,,x,,x,x,,x,,,,,,,,x,,,,,,,,,,,,,,,,,,,,x,,,,x,x,,,,,,x,,x,,,,,,,,x,,,x,,,x,,
Nomada cuneata,x,x,x,,,,,,,,,,,,x,,,,,,,,,,,,,,,x,,,,,,,,,,,,,,,,,,,,,,,,,,,,x,,x,,x,x,,,,,,,,x,,x,,,,,,,,,,,,,,
Nomada denticulata,,x,,,,,,,,,,,,,,,,,,,,,,,,,x,,,,,,,,,,,,,,,,,,,,,,,,,,,,,,,,,,,x,x,,,,,,,,,,,,,,,,x,,,x,,,,,
Nomada depressa,,,,,,,,,,,,,,,,,,,,,,,,,,,,,,,,,,,,,,,,,,,,,,,,,,,,,,,,,,,,,,,,,,,,,,,,,,,,,,,,,,x,,,,,
Nomada erigeronis,,,,,,,,,,,,,,,,,,,,,,,,,,,,,,,,,,,,,,,,,,,,,,,,,,,,,,,,,,,,,,x,,,,,,,,,,,,,,,,,,,,,,,,,
Nomada fervida,,x,,,,,,,,,,,,,,,,,,,,,,,,,x,,,,,,,,,,,,,,,,,,,,,,,,,,,,,,,,,,,x,,,,,,,x,x,,,,,,,,,,,,x,,,,,
Nomada fuscicincta,,,x,,,,x,,,,,,,x,,,,,,,,,,,,,,,,,,,,,,,,,,,,,,,,,,,,,x,,,,,,,,,,x,,,,,,,,,,,,,x,,x,,,,,,,,,,,
Nomada gracilis,,x,,,,,,,,,,,,,x,,,,,,,,,,,,,,,,,,,,,,,,,,,,,,,,,,,,,,,,,,,,,,,,,,,,,,,,,,,,,,,,,,,x,,,,,
Nomada graenicheri,,,,,,x,,,,x,,,,,,,,,,,,,,,,,,,,,,,,,,,x,,,,,,,,,,,,,x,,,,,,,,,,,,,,,,,,,,,,,,,,x,,,,,,,,,,,
Nomada illinoensis,,,,,,,,,,,,,,,,,,,,,,,,,,,,,,,,,,,,,,,,,,,,,,,,,,,,,,,,,,,,,,,,,,,,,x,,,,,,,,,,,,,,,,,,
Nomada imbricata,,,,,,,,,x,,,,,,x,,,,x,,,,,,,,x,x,,,,,,,,,,,,,,,,,,,,x,,,,,,,,,,x,,,,x,,,,x,,,,,,x,,,,,,,,,,x,,,,,
Nomada integerrima,,,,,,,,,,,,,,,,,,,,,,,,,,,,,,,,,,,,,,,,,,,,,,,,,,,,,,,,,,,,,,,,,,,,,,,,,,,,,,,,,,,,,,,
Nomada lehighensis,,x,x,,,,,,,,,,,,x,,,,,,,,,,,,x,,,x,,,,,x,,,,,,,,,,,,,x,x,,,,,,,,,,,x,,,x,,,,,,,,,,,,,,,,,,,,,,,,
Nomada lepida,,,,,,,,,,,,,,x,,,,,,,,,,,,,,,,,,,,,,,,,,,,,,,,,,,,,,,,,,,,,,,,,,,,,,,,,,,,,,,,,,,,,,,,,
Nomada louisianae,,,,,,,,,,,,,,,,,,,,,,,,,,,,,,,,,,,,,,,,,,,,,,,,,,,,,,,,,,,,,,,,,,,,,,,,,,,,,,,,,,,,,,,
Nomada luteoloides,,x,x,,,,,,,,,,,,x,,,,x,,,,x,,x,,x,x,,,,,,,,,,,,,,x,,,,,,,,,,,,,,,,x,,,,x,,,,x,,,,,,x,,,,,,,,,,x,,,,,
Nomada maculata,,x,,,,,,,x,,x,,x,,x,,,,x,,,,,,x,,x,x,,x,,,,,,,,,x,,,,,,,,,x,,,,,,,,,,x,,,,x,,,,,,,,,x,,,,,,,,x,,,x,,,x,,
Nomada obliterata,,x,,,,,,,,,,,x,,x,,,x,,,,,,,x,,x,x,,,,,,,,,,,,,,,,,,,,,,,x,,,,,,,x,,x,,,,,,,,,,,,,,,,,,,,,,x,,,,,
Nomada ovata,,,,,,,,,,,,,,,,,,,,,,,,,,,,,,,,,,,,,,,,,,,,,,,,,,,,,,,,,,,,,,,,,,,,,,,,,,,,,,,,,,,,,,,
Nomada perplexa,,,,,,,,,,,,,,,,,,,,,,,,,,,,,,,,,,,,,,,,,,,,,,,,,,,,,,,,,,,,,,,,,,,,,,,,,,,,,,,,,,,,,,,
Nomada pygmaea,,x,x,,,,,,,,,,x,,x,,,,,,,,x,,,,x,x,,x,,,,,,,,,,,,,,,,,,x,,,,,,x,,,,x,x,x,,x,,,,,,,,,x,,,,,,,,,,,x,,,,,
Nomada rubi,,,x,,,,,,,,,,,,,,,,,,,,,,,,,,,,,,,,,,,,,,,,,,,,,,,,,,,,,,,,,,,,,,,,,,,,,,,,,,,,,,,,,,,,
Nomada rubicunda,,x,,,,,,,,,,,,,,,,,,,,,,,,,,,,x,,,,,,,,,,,,,,,,,,,,,,,,,,,,,,,,x,,,,,,,,,,,,,,,,,,,,,,,,,
Nomada sayi,,,,,,,,,,,,,,,,,,,,,,,,,,,,,,,,,,,,,,,,,,,,,,,,,,,,,,,,,,,,,,,,,,,,,,,,,,,,,,,,,,,,,,,
Nomada superba,,,,,,,,,,,,,,,x,,,,,,,x,,,,,,x,,x,,,,,,,,,,,,,,,x,,,,,,,,,,,,,,,,,x,,,,x,x,,,x,,,,,,,,,,,,,,,,,
Nomada tiftonensis,,x,,x,,,,,,,,,,,,,,,,,,,,,,,,x,,x,,,,,,,,,,,,,,,,,,,x,,,,,,,,,,,,,x,,,,,,,,,,,,,,,,,,,,,,,,,
Nomada vegana,,,x,,,,,,,,,,,,x,,,,,,,,,,,,,,,,,,,,x,,,,,,,,,x,,,,,,,,,,,,,,,,x,,,,,,,,,,,,,,,,,,,,,,,,,,,
Nomada vicina,,,,,,,,,,,,,,,,,,,,,,,,,,,x,,,,,,,,,,,,,,,,,,,,,x,,,,,,,,,,,,,,,,,,,,,,,,,x,,,,,,,,,,,,,,
Nomada vincta,,,,,,x,,x,,,,,,x,,,,,,,x,,,x,,x,x,,,,,,,x,,,x,,,,,,,,,,,,,,,,,,,,,,,,x,x,,,,,,,,,,,,,x,x,,,,,,x,x,,,,
Nomada xanthura,,x,,,,,,,,,,,,,,,,,,,,,,,,,x,,,,,,,,,,,,,,,,,,,,,,,,,,,,,,,,,,,,,,,,,,,,,,,,,,,,,,,,,,,,
Svastra atripes,,,,,,,,,,,,,,,,,,,,,,,,,,,,,,,,,,,,,,,,,,,,,,,,,,,,,,,,,,,,,,,,,,,,,,,,,,,,,,,x,,,,,,,,
Svastra obliqua,,,,,,x,,,,,,x,,x,,,,,x,,,,,,x,,x,x,,,,x,,,,,,,,,x,x,,,,,,,,,,,x,,,,,,,,x,,,x,,,x,,,x,,,,,,x,,,,,,x,,,,,
Triepeolus concavus,,,,,,,,,,,,,,,,,,,,,,,,,,,,,,,,x,,,,,,,,,,,,,,,,,,,,,,,,,,,,,,x,,,,,,,,,,,,,,,,,,,,,,,,,
Triepeolus cressonii,,,,,,x,,,,,,,,,,,,,,,,,,,,,,,x,,,,,,,,,,,,,,,,x,,,,,,,,,,,,,,x,x,,x,,,,,,,,,,,,,,x,,,,,,,,,,,
Triepeolus distinctus,,,,,,,,,,,,,,,,,,,,,,,,,,,,,,,,,,,,,,,,,,,,,,,,,,,,,,,,,,,,,,,,,,,,,,x,,,,,,,,,x,,,,,,,,
Triepeolus donatus,,,x,,,,,,,,,,,,x,,,,x,,,,,,,,,,,,,,,,,,,,,,,,,,,,,,,,,,,,,,,,,,,,,,,,,,,,,,,,,,x,,,,,x,,,,,
Triepeolus eliseae,x,x,,,,,,,,,x,,,,x,,,,,,,,,,,,,,,,,,,,,,,,,,,,,,,,,,,,,,,,,,,,,,x,,,,,,,x,,,,,,,,,,,,,,,,,,,
Triepeolus helianthi,,,,,,,,,,,,,,,,,,,x,,x,,,,,x,,,,,,,,,,,,,,,,,,,,,,,,,,,,,x,,,,,,,x,,,,,,,x,,,,,,x,,,x,,,,,,,,,x
Triepeolus lunatus,,,,,,,x,,,,,,,,,,,,,,,x,,,,,,,,,,,,,,,,,,,,,,,,,,,,,,,,,x,,,,,,,x,,,,x,,,,,,,,,,,,,,,,x,,,,,
Triepeolus obliteratus,,,x,,x,,,,x,,,,,x,,,,,,,,,,,,,,x,,,,,,,x,,,,,,,,,,,,,x,,,,,,,,,x,,,,,,x,,,,,,,,,,x,,,,,,,,,,,,,,
Triepeolus occidentalis,,,,,,x,,,,,,,,,,,,,,,,,,,,,,,,,,,,,,,,,,,,,,,,,,,,,,,,,,,,,,,,,,,,,,,,,,,,,,,,,,,,,,,,,x
Triepeolus pectoralis,,,x,,,,,,x,,x,,,x,,,,,,,,,,,,,,,,,,,,,,,,,,,,,,,,,,,,,,,,,,,,,,x,,x,,,,,x,,,,,,,,,,,,,,,x,,,,,x
Triepeolus remigatus,,x,,,,,,,,,,,,,,,,,,,,,,,,,,,,,,,,,,,,,,,,,,,,,,,,,,,,,,,,,,,,x,,,,,,,,,,,,,,,,,x,,,x,,,,,
Triepeolus rhododontus,,,,,,,,,,x,,,,,,,,,,,,,,,,,,,,,,,,,x,,,,,,,,,,,,,,,,,,,,,,,,,,,,,,,,,,,,,,,,,,,,,,,,,,,,
Triepeolus simplex,,,x,,,,,,,,,,,x,,,,,,,x,,x,,,,,,,,,,,,,,,,,,x,,,,,,,,,,,,,,,,,,,,,,,,,,,,,x,,,,,,x,,,,,,,,,,,
Triepeolus subalpinus,,,,,,,,,,,,,,,,,,,,,,,,,,,,,,,,,,,,,,,,,,,,,,,,,,,,,,,,,x,,,,,,,,,,,,,,,,,,,,,,,,,,,,,,
Triepeolus tanneri,,,,,,,,,,,,,,,,,,,,,,,,,,,,,,,,,,,,,,,,,,,,,,,,,,,,,,,,,,,,,,,,,,,x,,,,,,,,,,,,,,,,,,,,
Xylocopa virginica,,x,,,,,,,,,,,,,,,,,,,,,,,,,,,,,,,,,,,,,,,,,,,,,,,,,,,,,,,,,,,,,,,,,,,,,,,x,,,,,,,,,,,,,,
Colletes aberrans,,x,,,,,,,,,,,,,,,,,,,,,,,,,x,,,,,,,,,,,,,,,,,,,,,,,,,,,,,x,,,,x,,x,,,,,,,,x,,,,,,,,,x,,,x,,,,,
Colletes albescens,,,,,,,,,,,,,,,,,,,,,,,,,,,,,,,,,,,,,,,,,,,,,,,,,,,,,,,,,,,,,,,,,,,,,,,,,,,,,,,,,,x,,,,,
Colletes americanus,,,,x,,x,,,,,x,,,x,x,,,,x,,,,,,,x,x,,x,,,,,x,,,,,,,x,,,,,,,,,,,,,x,x,x,,x,,x,,x,,,,,x,,,x,,,,,,,,,,,,x,,,,,
Colletes andrewsi,,,,,,,,,,,,,,,,,,,,,x,,,,,,x,,,,,,,,,,,,,,,,,,,,,,,,,,,,,,,,,,,,,,x,,,,x,,x,,,,,,,,,,,,,,,,
Colletes brevicornis,,x,x,,,,,,,,,,,x,x,,,,,,,,,,,,,x,,,,,,,x,,,,,,,,,x,,,,,x,,,,,,,,,,,,x,,,,,,,,,,x,,,,,,,,,,,,,,,,
Colletes compactus,,,,,,,,,,,,,,,,,,,,,,,,,,,,,,,,,,,,,,,,,,,,,,,,,,,,,,,,,,,,,,x,,,,,,,,,,,,,,,,,,,,x,,,,,
Colletes consors,,,,,,,,,,,,,,,,,,x,,,,,,,,,,,,,,,,,x,,,,,,,,,,,,,,,,,,,,x,,,,,,,,,,,,,,,,,,,,,,,,,,,,,,,,
Colletes hyalinus,,,,x,,,,,,,,,,,x,,,x,,,,,,,,,,,,,,x,,,x,,,,,,,,,x,,,,,,,,,,,,,,,,x,,x,,,,,,x,,,,,,,,,,,,,,,,,,,
Colletes impunctatus,,,,,,,,,,,,,,,,,,x,,,,,,,,,,,,,,,,,,,,,,,,,,,,,,,,,,,,,,,,,,,,x,,,,,,,,,,,x,,,,,,,,,,,,,,
Colletes inaequalis,x,x,x,x,,,,,,x,x,,,x,x,,,,,,,,x,,,,x,x,,x,,,,,,,,,,x,,,,,,,,,,,,,,,,x,,x,,,x,x,,,,,x,,,,x,,x,,x,,,,,,,x,,,x,,
Colletes kincaidii,,x,x,x,x,x,x,,,x,x,x,,x,x,,,,,,x,,,,,x,x,,x,x,,,,x,x,,,,,x,,x,x,x,,x,,,,,x,,x,x,,,,,x,x,x,x,x,,,,x,x,,x,,x,x,x,x,x,,x,x,,,x,,x,x,x,
Colletes latitarsis,,x,,,,,,,,,,,x,,,,,,,,,,,,,,x,,,,,,,,,,,,,,,,,,,,,,,,,,,,,,,,,,,,,,,x,,,,,,,x,,,,,,x,,,,,,,,
Colletes mandibularis,,x,,,,,,,,,,,,,,,,,,,,,,,,,,,,,,,,,,,,,,,,,,,,,,,,,,,,,,,,,,,,,,,,,,,,,,,,,,,,,,,,x,,,,,
Colletes nudus,,x,,,,,,,,,,,,,,,,,,,,,,,,,x,,,,,,x,,,,,,,,,,,,,,,,,,,,,,,,,,,,,,,,,,,,,,,,,,,,,,,,,,,,,,
Colletes phaceliae,,,,,,,,,,,,,,,,,,,,,,x,,,,,,,,,,,,,x,,,,,,x,,,x,,,,,,,,,,,,x,,,,x,,,x,,,,x,,,,,,,,,,,x,,,,,,,,,
Colletes robertsonii,,,x,,,x,,,,,,x,,x,,,,,,,x,,,,,,x,,,,,x,,x,,,,,,,,,x,,,x,,,,,x,,,,,x,,,x,x,x,,,,,,,,,,,,,,x,x,,x,,,,,,x,,,x
Colletes rufocinctus,,,x,,,,,,,,,,,,,,,,,,,,,,,x,,,,,,,,,,,,,,,,,,,,,,,,,,,,,,,,,,x,,,,,,,,,,,,,,,,,,,,,,,,,,,
Colletes simulans,x,x,x,x,,x,,,,x,x,x,,x,x,x,,x,x,,,,x,x,,x,x,x,x,x,,,,x,,x,,x,,,,x,,,,,,,,,x,,,x,x,x,x,x,x,x,x,x,,,,,x,,x,,,,x,,x,x,,,,,x,x,,,x,,
Colletes solidaginis,,x,,,,x,,,,x,,x,,x,,,,,,,x,,,,,,x,,,,,x,,x,,,,,,,,,,,,,,,,,x,,,,,,,,,,x,,,,,,,,,,,,x,,,,,,,,,,,,,,
Colletes speculiferus,,,,,,,,,,,,,,,,,,,,,,,,,,,,,,,,,,,,,,,,,,,,,,,,,,,,,,,,,,,,,,x,,,,,,,,,,,,,,,,,,,,,,,,,
Colletes susannae,,,,,x,,,,,,,x,,x,,,,,,,,,,,,x,x,x,,x,,,,,,,,,,,,,,,,,,,,,,,,,x,x,,,,,,x,,,,,,,,,,,x,,x,x,x,,,,,x,,,x,,x
Colletes validus,,,,,,,,,,,,,,,,,,,,,,,,,,,,,,,,,,,,,,,,,,,,,,,,,,,,,,,,,,,,,,,,,,,,,x,,,,,,,,,,,,,,,,,,
Colletes willistoni,,x,,,,,,,,,,,,,,,,,,,,,,,,,,,,x,,,,,,,,,,,,,,,,,,,,,,,,,,,,,,,,,,,,,,,,,,,x,,,,,,,,,,,,,,
Colletes wilmattae,,x,,,x,,,,,,,,,,,,,,,,,,,,,,,,,,,,,,,,,,,,,,,,,,,,,,,,,,,,,,,,,,,,,,,,,,,,,,,,,,,,,,,,,,
Hylaeus affinis,x,x,x,x,x,x,x,x,x,x,x,x,x,x,x,,x,,,x,x,x,x,x,x,x,x,x,x,x,x,x,,x,x,,x,x,,x,x,x,x,x,x,x,x,,x,x,x,x,x,x,x,x,x,,x,x,x,x,x,x,x,x,x,x,x,x,,x,x,x,x,x,x,x,x,,x,x,x,x,x,x,x
Hylaeus annulatus,x,,,x,,,,,,,,,,x,x,x,,,,,,,,,,,,x,,x,x,,,,x,,,x,,,,,,x,,,,,,,,,,,,,,,,,,x,,,,,,,x,,,,,,,,,,,,,x,,,,,
Hylaeus basalis,,,x,,,,,,,,,,,,x,x,,,,,,,,,,,,,x,,,,,,,,,x,,,,,,,,,,,,,,,,,,,,,,,,,x,,,,,,,,x,,,,,,,,,,,,,,,,
Hylaeus fedorica,,,,,,,,,,,,,,x,,,,,,,,,,,,,x,x,,,,,,,,,,,,,,,,,,,,,,,,,,x,,,,,,x,,x,,,,,,,,,,,,,,,,,,,,x,,,,,
Hylaeus floridanus,,,x,,,,,,,,,,,,x,,,,,,,,,,,,,,x,,,,,,,,,,,,,,,,,,,,,,,,,,,,,,,,,,,,,,,,,,,,,,,,,,,,,,,,,,
Hylaeus illinoisensis,x,x,,,,,,x,,,,,,,x,,,,,,,x,,,,,x,x,,,x,,,,x,,,,,,,,,,,,,,x,,,,,x,,,,x,,x,,x,x,,,,,,,,,,,,,,x,x,,,,,,,,,
Hylaeus leptocephalus,,x,,,x,,,,,x,x,,,x,,,,,,,,x,,x,,,x,,,,,x,,,,,,,,,,x,,,,,,,,,,,,x,,,,,,x,,x,,,,,x,,,,,x,x,,,,,,,,,,,,,,
Hylaeus mesillae,x,x,x,x,x,x,,x,,x,x,x,,x,x,,x,x,,x,x,x,x,x,x,x,x,x,x,x,x,x,x,x,x,x,x,x,,,,x,x,x,x,x,x,x,x,,x,,x,x,x,x,x,x,x,x,x,x,x,x,x,x,x,x,x,x,x,,x,x,x,x,,x,x,,,x,x,x,x,x,x
Hylaeus modestus,x,x,x,,,x,x,x,x,x,,x,x,x,x,,,x,,x,,x,,,x,,x,x,,x,,x,,x,x,,,,x,,,,x,,x,x,x,x,x,x,,x,,x,x,x,x,x,,x,x,x,x,x,x,,x,x,x,x,x,x,x,,x,x,,,x,,x,x,x,x,x,x,
Hylaeus nelumbonis,x,,x,,,,x,,,,,,,x,,,,,,,,x,,x,,x,,,,,,,,,,,,,,,,,,,x,x,x,,,,,,,,,,,,,,,,,x,,,,,,,,x,,,,,,x,,,,,x,x,,,
Hylaeus rudbeckiae,,,,,,,,,,,,,,,x,,,,,,,,,,,,,,,,,,,,,,,,,,,,,,,,,,,,,,,,,,,,,,,,,,,,,,,,,,,,,,,,,,,,,,,,
Hylaeus saniculae,x,,,x,,,,,,,,,,,,,,,,,,,,,,,,,,,,,,,,,,,,,,,,,,,,,,,,,,,,,,,,,,x,,,,,,,,,,,,,,,,x,,,,x,,,,x,
Hylaeus sparsus,,,,,,,,,,,,,,,,,,,,,,,,,,,,,,,,,,,,,,,,,,,,,,,,,,,,,,,,,,x,,,,,x,,,,,,,,,,,,,,,,,,,,,,,,
Hylaeus verticalis,x,x,x,,,,,,,,,,,x,x,x,,,,,,,,,,,x,,x,,x,,,,,,,x,,,,,,,,,,,,,,,,,x,,,x,,x,,x,,,,x,,,x,,,,,,,,x,,,,,,,,,,
Agapostemon angelicus,,,,,,,,,,,,,,,,,,,,,,,,,,,,,,,,,,,,,,,,,,,,,,,,,,,,,,,,,,,,,,,,,,,,,,,,,,,,,,,,,,,,,,,
Agapostemon sericeus,,x,x,,,x,,x,,x,,x,x,x,x,,x,,x,,,x,x,x,x,,x,x,,x,,x,,x,,,x,,,x,x,x,,,x,,x,x,x,,x,,x,x,x,x,,x,,,x,x,x,x,x,,x,,,x,x,x,,,x,x,x,x,x,x,x,x,x,,x,x,
Agapostemon splendens,x,x,,,x,,,,,,,,x,,x,,,x,x,,,,x,,,,x,,,x,,,,,,,,,,,,,,,,,,,x,,,,,x,,,,x,,,,x,,,,,,,,x,x,,,,,,,,x,,,x,x,,x,,
Agapostemon texanus,,x,x,,x,x,,x,,x,x,x,,,x,,x,x,x,x,x,x,x,x,,x,x,,,x,x,x,x,x,x,,x,,x,x,x,x,x,x,x,,,x,x,x,x,,x,x,x,x,x,x,x,x,x,x,x,x,,x,x,x,,,x,,x,,,x,x,x,x,x,,x,x,x,,,x
Agapostemon virescens,,x,x,,,x,x,x,,x,x,x,x,x,x,,,,x,x,x,x,x,x,x,x,x,x,,x,x,x,,x,x,,x,,,x,x,x,x,x,x,x,x,x,x,x,x,x,x,x,x,x,x,x,x,x,x,x,x,x,x,x,x,,,x,x,x,x,x,x,x,x,x,x,x,x,x,x,x,x,x,x
Augochlora pura,x,x,x,x,,,,x,x,,x,,x,,x,,,x,x,,,,,,x,,x,x,,x,,,x,,,,,,,,,x,,,,,,x,x,,,,,,,x,,x,,x,,x,,x,,,,,,x,,x,x,,,,,,x,,,x,,,x,x,
Augochlorella aurata,,x,x,x,x,x,x,,,x,,x,x,x,x,,x,x,x,x,x,x,x,x,x,x,x,x,x,x,x,x,,x,x,x,x,,x,x,x,x,x,x,x,x,x,x,x,x,x,x,x,x,x,x,,x,x,x,x,x,x,x,x,x,x,x,x,x,x,x,x,x,x,x,x,x,x,,x,x,x,x,x,x,x
Augochlorella persimilis,,,,,,,,,,,,,,,,,,,,,,,x,,x,,,x,,,,x,,,,,,,,x,,,,,,,,,,,,,,,x,,,,,,,x,,,,,,,,,,,,,,,,,,,,x,,,x,,
Augochloropsis humeralis,,,,,,,,,,,,,,x,,,,,,,x,x,x,,,,x,,,,,,,,,,,,,,,,,,,,,,,,,,,,,,,,,,,,,,,,,,,,x,,,,,,,,x,,,x,,,x,,
Augochloropsis metallica,,x,,,,,,,,,,,,,,,,,,,,,,,,,x,,,x,,,,,,,,,,,x,,,,,,,,,,x,,,,,,,,x,,,,,,,,,,,,,,,,,,,,,,,,,,,,x
Augochloropsis viridula,,x,,,,,x,,,x,,,,,,,,,,,x,,x,,x,,x,x,,x,,x,,x,,,,,,x,,x,,,,,,,,,x,,,,x,,,x,,,,x,,x,x,,,,,,x,,x,,x,x,,,x,,,x,,,x,x,